feature,pearson_corr_with_CHSO_cases
rainfall,0.24551566414619416
relative_humidity,0.22918975703309225
temp_mid,0.21801703346835558
